image_name,label
"digit_0,0.png","0,0"
"digit_0,0_0_1197.png","0,0"
"digit_0,0_0_1594.png","0,0"
"digit_0,0_0_2141.png","0,0"
"digit_0,0_0_2883.png","0,0"
"digit_0,0_0_5415.png","0,0"
"digit_0,0_0_6300.png","0,0"
"digit_0,0_0_730.png","0,0"
"digit_0,0_0_7559.png","0,0"
"digit_0,0_0_8375.png","0,0"
"digit_0,0_0_9903.png","0,0"
"digit_0,1.png","0,1"
"digit_0,1_0_2392.png","0,1"
"digit_0,1_0_3820.png","0,1"
"digit_0,1_0_6020.png","0,1"
"digit_0,1_0_6199.png","0,1"
"digit_0,1_0_6247.png","0,1"
"digit_0,1_0_7073.png","0,1"
"digit_0,1_0_7514.png","0,1"
"digit_0,1_0_7965.png","0,1"
"digit_0,1_0_898.png","0,1"
"digit_0,1_0_961.png","0,1"
"digit_0,2.png","0,2"
"digit_0,2_0_1810.png","0,2"
"digit_0,2_0_3698.png","0,2"
"digit_0,2_0_4705.png","0,2"
"digit_0,2_0_5036.png","0,2"
"digit_0,2_0_5539.png","0,2"
"digit_0,2_0_6225.png","0,2"
"digit_0,2_0_6375.png","0,2"
"digit_0,2_0_6884.png","0,2"
"digit_0,2_0_7043.png","0,2"
"digit_0,2_0_7704.png","0,2"
"digit_0,3.png","0,3"
"digit_0,3_0_2282.png","0,3"
"digit_0,3_0_2501.png","0,3"
"digit_0,3_0_3202.png","0,3"
"digit_0,3_0_4298.png","0,3"
"digit_0,3_0_7042.png","0,3"
"digit_0,3_0_7247.png","0,3"
"digit_0,3_0_8730.png","0,3"
"digit_0,3_0_8807.png","0,3"
"digit_0,3_0_8816.png","0,3"
"digit_0,3_0_9495.png","0,3"
"digit_0,4.png","0,4"
"digit_0,4_0_1784.png","0,4"
"digit_0,4_0_1922.png","0,4"
"digit_0,4_0_2134.png","0,4"
"digit_0,4_0_3092.png","0,4"
"digit_0,4_0_4075.png","0,4"
"digit_0,4_0_5622.png","0,4"
"digit_0,4_0_6476.png","0,4"
"digit_0,4_0_7404.png","0,4"
"digit_0,4_0_7810.png","0,4"
"digit_0,4_0_8778.png","0,4"
"digit_0,5.png","0,5"
"digit_0,5_0_1423.png","0,5"
"digit_0,5_0_1892.png","0,5"
"digit_0,5_0_2798.png","0,5"
"digit_0,5_0_2826.png","0,5"
"digit_0,5_0_3004.png","0,5"
"digit_0,5_0_4090.png","0,5"
"digit_0,5_0_6232.png","0,5"
"digit_0,5_0_660.png","0,5"
"digit_0,5_0_9708.png","0,5"
"digit_0,5_0_9809.png","0,5"
"digit_0,6.png","0,6"
"digit_0,6_0_1179.png","0,6"
"digit_0,6_0_1775.png","0,6"
"digit_0,6_0_223.png","0,6"
"digit_0,6_0_3549.png","0,6"
"digit_0,6_0_3736.png","0,6"
"digit_0,6_0_4238.png","0,6"
"digit_0,6_0_5787.png","0,6"
"digit_0,6_0_6199.png","0,6"
"digit_0,6_0_8116.png","0,6"
"digit_0,6_0_9447.png","0,6"
"digit_0,7.png","0,7"
"digit_0,7_0_1157.png","0,7"
"digit_0,7_0_1256.png","0,7"
"digit_0,7_0_2908.png","0,7"
"digit_0,7_0_357.png","0,7"
"digit_0,7_0_4911.png","0,7"
"digit_0,7_0_5095.png","0,7"
"digit_0,7_0_6105.png","0,7"
"digit_0,7_0_6189.png","0,7"
"digit_0,7_0_9039.png","0,7"
"digit_0,7_0_9306.png","0,7"
"digit_0,8.png","0,8"
"digit_0,8_0_2304.png","0,8"
"digit_0,8_0_2508.png","0,8"
"digit_0,8_0_3047.png","0,8"
"digit_0,8_0_305.png","0,8"
"digit_0,8_0_4592.png","0,8"
"digit_0,8_0_6371.png","0,8"
"digit_0,8_0_7153.png","0,8"
"digit_0,8_0_8260.png","0,8"
"digit_0,8_0_8268.png","0,8"
"digit_0,8_0_9586.png","0,8"
"digit_0,9.png","0,9"
"digit_0,9_0_2569.png","0,9"
"digit_0,9_0_2676.png","0,9"
"digit_0,9_0_2723.png","0,9"
"digit_0,9_0_3023.png","0,9"
"digit_0,9_0_3327.png","0,9"
"digit_0,9_0_410.png","0,9"
"digit_0,9_0_6152.png","0,9"
"digit_0,9_0_6510.png","0,9"
"digit_0,9_0_766.png","0,9"
"digit_0,9_0_8712.png","0,9"
"digit_1,0.png","1,0"
"digit_1,0_0_1456.png","1,0"
"digit_1,0_0_4565.png","1,0"
"digit_1,0_0_5113.png","1,0"
"digit_1,0_0_6111.png","1,0"
"digit_1,0_0_6970.png","1,0"
"digit_1,0_0_7063.png","1,0"
"digit_1,0_0_780.png","1,0"
"digit_1,0_0_7866.png","1,0"
"digit_1,0_0_7972.png","1,0"
"digit_1,0_0_9845.png","1,0"
"digit_1,1.png","1,1"
"digit_1,1_0_1111.png","1,1"
"digit_1,1_0_2860.png","1,1"
"digit_1,1_0_2873.png","1,1"
"digit_1,1_0_3642.png","1,1"
"digit_1,1_0_4736.png","1,1"
"digit_1,1_0_5045.png","1,1"
"digit_1,1_0_6962.png","1,1"
"digit_1,1_0_8563.png","1,1"
"digit_1,1_0_8840.png","1,1"
"digit_1,1_0_9181.png","1,1"
"digit_1,2.png","1,2"
"digit_1,2_0_1428.png","1,2"
"digit_1,2_0_1557.png","1,2"
"digit_1,2_0_2762.png","1,2"
"digit_1,2_0_297.png","1,2"
"digit_1,2_0_3527.png","1,2"
"digit_1,2_0_5288.png","1,2"
"digit_1,2_0_6219.png","1,2"
"digit_1,2_0_6563.png","1,2"
"digit_1,2_0_8120.png","1,2"
"digit_1,2_0_9538.png","1,2"
"digit_1,3.png","1,3"
"digit_1,3_0_1923.png","1,3"
"digit_1,3_0_2611.png","1,3"
"digit_1,3_0_3153.png","1,3"
"digit_1,3_0_407.png","1,3"
"digit_1,3_0_4320.png","1,3"
"digit_1,3_0_5388.png","1,3"
"digit_1,3_0_5539.png","1,3"
"digit_1,3_0_7259.png","1,3"
"digit_1,3_0_8057.png","1,3"
"digit_1,3_0_996.png","1,3"
"digit_1,4.png","1,4"
"digit_1,4_0_136.png","1,4"
"digit_1,4_0_2972.png","1,4"
"digit_1,4_0_3684.png","1,4"
"digit_1,4_0_4101.png","1,4"
"digit_1,4_0_6361.png","1,4"
"digit_1,4_0_6833.png","1,4"
"digit_1,4_0_7332.png","1,4"
"digit_1,4_0_7764.png","1,4"
"digit_1,4_0_7808.png","1,4"
"digit_1,4_0_8643.png","1,4"
"digit_1,5.png","1,5"
"digit_1,5_0_1078.png","1,5"
"digit_1,5_0_1134.png","1,5"
"digit_1,5_0_4041.png","1,5"
"digit_1,5_0_4524.png","1,5"
"digit_1,5_0_6730.png","1,5"
"digit_1,5_0_7351.png","1,5"
"digit_1,5_0_7364.png","1,5"
"digit_1,5_0_8234.png","1,5"
"digit_1,5_0_8288.png","1,5"
"digit_1,5_0_8891.png","1,5"
"digit_1,6.png","1,6"
"digit_1,6_0_2409.png","1,6"
"digit_1,6_0_3341.png","1,6"
"digit_1,6_0_4122.png","1,6"
"digit_1,6_0_6968.png","1,6"
"digit_1,6_0_7197.png","1,6"
"digit_1,6_0_7402.png","1,6"
"digit_1,6_0_8003.png","1,6"
"digit_1,6_0_8280.png","1,6"
"digit_1,6_0_871.png","1,6"
"digit_1,6_0_8857.png","1,6"
"digit_1,7.png","1,7"
"digit_1,7_0_1703.png","1,7"
"digit_1,7_0_1833.png","1,7"
"digit_1,7_0_1896.png","1,7"
"digit_1,7_0_2893.png","1,7"
"digit_1,7_0_4724.png","1,7"
"digit_1,7_0_5227.png","1,7"
"digit_1,7_0_5466.png","1,7"
"digit_1,7_0_6062.png","1,7"
"digit_1,7_0_899.png","1,7"
"digit_1,7_0_9353.png","1,7"
"digit_1,8.png","1,8"
"digit_1,8_0_2978.png","1,8"
"digit_1,8_0_4242.png","1,8"
"digit_1,8_0_4333.png","1,8"
"digit_1,8_0_4808.png","1,8"
"digit_1,8_0_5235.png","1,8"
"digit_1,8_0_5365.png","1,8"
"digit_1,8_0_6610.png","1,8"
"digit_1,8_0_7607.png","1,8"
"digit_1,8_0_7766.png","1,8"
"digit_1,8_0_8064.png","1,8"
"digit_1,9.png","1,9"
"digit_1,9_0_1779.png","1,9"
"digit_1,9_0_1863.png","1,9"
"digit_1,9_0_341.png","1,9"
"digit_1,9_0_4395.png","1,9"
"digit_1,9_0_6696.png","1,9"
"digit_1,9_0_6920.png","1,9"
"digit_1,9_0_7901.png","1,9"
"digit_1,9_0_7907.png","1,9"
"digit_1,9_0_9309.png","1,9"
"digit_1,9_0_948.png","1,9"
digit_10_0_1370.png,10
digit_10_0_1719.png,10
digit_10_0_1926.png,10
digit_10_0_4035.png,10
digit_10_0_6388.png,10
digit_10_0_6461.png,10
digit_10_0_7506.png,10
digit_10_0_7573.png,10
digit_10_0_7912.png,10
digit_10_0_9996.png,10
"digit_2,0.png","2,0"
"digit_2,0_0_1763.png","2,0"
"digit_2,0_0_2369.png","2,0"
"digit_2,0_0_31.png","2,0"
"digit_2,0_0_5138.png","2,0"
"digit_2,0_0_516.png","2,0"
"digit_2,0_0_5606.png","2,0"
"digit_2,0_0_6430.png","2,0"
"digit_2,0_0_6925.png","2,0"
"digit_2,0_0_7014.png","2,0"
"digit_2,0_0_847.png","2,0"
"digit_2,1.png","2,1"
"digit_2,1_0_0.png","2,1"
"digit_2,1_0_1651.png","2,1"
"digit_2,1_0_3336.png","2,1"
"digit_2,1_0_4214.png","2,1"
"digit_2,1_0_5051.png","2,1"
"digit_2,1_0_5444.png","2,1"
"digit_2,1_0_6823.png","2,1"
"digit_2,1_0_7045.png","2,1"
"digit_2,1_0_9520.png","2,1"
"digit_2,1_0_9818.png","2,1"
"digit_2,2.png","2,2"
"digit_2,2_0_1337.png","2,2"
"digit_2,2_0_2104.png","2,2"
"digit_2,2_0_2645.png","2,2"
"digit_2,2_0_3563.png","2,2"
"digit_2,2_0_3602.png","2,2"
"digit_2,2_0_3605.png","2,2"
"digit_2,2_0_5971.png","2,2"
"digit_2,2_0_6161.png","2,2"
"digit_2,2_0_7865.png","2,2"
"digit_2,2_0_9895.png","2,2"
"digit_2,3.png","2,3"
"digit_2,3_0_2797.png","2,3"
"digit_2,3_0_5119.png","2,3"
"digit_2,3_0_5200.png","2,3"
"digit_2,3_0_6292.png","2,3"
"digit_2,3_0_671.png","2,3"
"digit_2,3_0_7266.png","2,3"
"digit_2,3_0_7333.png","2,3"
"digit_2,3_0_7336.png","2,3"
"digit_2,3_0_8199.png","2,3"
"digit_2,3_0_908.png","2,3"
"digit_2,4.png","2,4"
"digit_2,4_0_1730.png","2,4"
"digit_2,4_0_2614.png","2,4"
"digit_2,4_0_516.png","2,4"
"digit_2,4_0_5316.png","2,4"
"digit_2,4_0_5926.png","2,4"
"digit_2,4_0_6650.png","2,4"
"digit_2,4_0_7034.png","2,4"
"digit_2,4_0_7143.png","2,4"
"digit_2,4_0_8219.png","2,4"
"digit_2,4_0_8927.png","2,4"
"digit_2,5.png","2,5"
"digit_2,5_0_1064.png","2,5"
"digit_2,5_0_1684.png","2,5"
"digit_2,5_0_3535.png","2,5"
"digit_2,5_0_4148.png","2,5"
"digit_2,5_0_579.png","2,5"
"digit_2,5_0_5810.png","2,5"
"digit_2,5_0_628.png","2,5"
"digit_2,5_0_7041.png","2,5"
"digit_2,5_0_8043.png","2,5"
"digit_2,5_0_8846.png","2,5"
"digit_2,6.png","2,6"
"digit_2,6_0_1510.png","2,6"
"digit_2,6_0_2179.png","2,6"
"digit_2,6_0_2903.png","2,6"
"digit_2,6_0_2950.png","2,6"
"digit_2,6_0_310.png","2,6"
"digit_2,6_0_402.png","2,6"
"digit_2,6_0_739.png","2,6"
"digit_2,6_0_7603.png","2,6"
"digit_2,6_0_8422.png","2,6"
"digit_2,6_0_9641.png","2,6"
"digit_2,7.png","2,7"
"digit_2,7_0_2325.png","2,7"
"digit_2,7_0_381.png","2,7"
"digit_2,7_0_3866.png","2,7"
"digit_2,7_0_5956.png","2,7"
"digit_2,7_0_6745.png","2,7"
"digit_2,7_0_7843.png","2,7"
"digit_2,7_0_7958.png","2,7"
"digit_2,7_0_898.png","2,7"
"digit_2,7_0_9669.png","2,7"
"digit_2,7_0_9943.png","2,7"
"digit_2,8.png","2,8"
"digit_2,8_0_2126.png","2,8"
"digit_2,8_0_3338.png","2,8"
"digit_2,8_0_4400.png","2,8"
"digit_2,8_0_7468.png","2,8"
"digit_2,8_0_7591.png","2,8"
"digit_2,8_0_8373.png","2,8"
"digit_2,8_0_8535.png","2,8"
"digit_2,8_0_8650.png","2,8"
"digit_2,8_0_8882.png","2,8"
"digit_2,8_0_8980.png","2,8"
"digit_2,9.png","2,9"
"digit_2,9_0_1116.png","2,9"
"digit_2,9_0_2113.png","2,9"
"digit_2,9_0_2477.png","2,9"
"digit_2,9_0_4530.png","2,9"
"digit_2,9_0_5121.png","2,9"
"digit_2,9_0_7005.png","2,9"
"digit_2,9_0_8980.png","2,9"
"digit_2,9_0_9478.png","2,9"
"digit_2,9_0_9583.png","2,9"
"digit_2,9_0_9876.png","2,9"
"digit_3,0.png","3,0"
"digit_3,0_0_1087.png","3,0"
"digit_3,0_0_2188.png","3,0"
"digit_3,0_0_2215.png","3,0"
"digit_3,0_0_2711.png","3,0"
"digit_3,0_0_3415.png","3,0"
"digit_3,0_0_5482.png","3,0"
"digit_3,0_0_6806.png","3,0"
"digit_3,0_0_6837.png","3,0"
"digit_3,0_0_8362.png","3,0"
"digit_3,0_0_9652.png","3,0"
"digit_3,1.png","3,1"
"digit_3,1_0_1362.png","3,1"
"digit_3,1_0_2497.png","3,1"
"digit_3,1_0_552.png","3,1"
"digit_3,1_0_5765.png","3,1"
"digit_3,1_0_6810.png","3,1"
"digit_3,1_0_7320.png","3,1"
"digit_3,1_0_7456.png","3,1"
"digit_3,1_0_7557.png","3,1"
"digit_3,1_0_7826.png","3,1"
"digit_3,1_0_9275.png","3,1"
"digit_3,2.png","3,2"
"digit_3,2_0_3082.png","3,2"
"digit_3,2_0_3558.png","3,2"
"digit_3,2_0_3652.png","3,2"
"digit_3,2_0_3822.png","3,2"
"digit_3,2_0_4250.png","3,2"
"digit_3,2_0_5302.png","3,2"
"digit_3,2_0_7387.png","3,2"
"digit_3,2_0_7418.png","3,2"
"digit_3,2_0_8293.png","3,2"
"digit_3,2_0_8325.png","3,2"
"digit_3,3.png","3,3"
"digit_3,3_0_1068.png","3,3"
"digit_3,3_0_1301.png","3,3"
"digit_3,3_0_2989.png","3,3"
"digit_3,3_0_3077.png","3,3"
"digit_3,3_0_3096.png","3,3"
"digit_3,3_0_3249.png","3,3"
"digit_3,3_0_6563.png","3,3"
"digit_3,3_0_6619.png","3,3"
"digit_3,3_0_680.png","3,3"
"digit_3,3_0_8355.png","3,3"
"digit_3,4.png","3,4"
"digit_3,4_0_1026.png","3,4"
"digit_3,4_0_1069.png","3,4"
"digit_3,4_0_1739.png","3,4"
"digit_3,4_0_596.png","3,4"
"digit_3,4_0_6164.png","3,4"
"digit_3,4_0_6791.png","3,4"
"digit_3,4_0_6870.png","3,4"
"digit_3,4_0_7215.png","3,4"
"digit_3,4_0_8205.png","3,4"
"digit_3,4_0_8290.png","3,4"
"digit_3,5.png","3,5"
"digit_3,5_0_1158.png","3,5"
"digit_3,5_0_1426.png","3,5"
"digit_3,5_0_2045.png","3,5"
"digit_3,5_0_4183.png","3,5"
"digit_3,5_0_5917.png","3,5"
"digit_3,5_0_6076.png","3,5"
"digit_3,5_0_8332.png","3,5"
"digit_3,5_0_8354.png","3,5"
"digit_3,5_0_8609.png","3,5"
"digit_3,5_0_9124.png","3,5"
"digit_3,6.png","3,6"
"digit_3,6_0_1237.png","3,6"
"digit_3,6_0_2401.png","3,6"
"digit_3,6_0_2675.png","3,6"
"digit_3,6_0_3100.png","3,6"
"digit_3,6_0_3396.png","3,6"
"digit_3,6_0_625.png","3,6"
"digit_3,6_0_7627.png","3,6"
"digit_3,6_0_815.png","3,6"
"digit_3,6_0_9265.png","3,6"
"digit_3,6_0_9734.png","3,6"
"digit_3,7.png","3,7"
"digit_3,7_0_1084.png","3,7"
"digit_3,7_0_1289.png","3,7"
"digit_3,7_0_2407.png","3,7"
"digit_3,7_0_4807.png","3,7"
"digit_3,7_0_5230.png","3,7"
"digit_3,7_0_5540.png","3,7"
"digit_3,7_0_6325.png","3,7"
"digit_3,7_0_6808.png","3,7"
"digit_3,7_0_835.png","3,7"
"digit_3,7_0_9092.png","3,7"
"digit_3,8.png","3,8"
"digit_3,8_0_2331.png","3,8"
"digit_3,8_0_241.png","3,8"
"digit_3,8_0_2650.png","3,8"
"digit_3,8_0_2753.png","3,8"
"digit_3,8_0_4040.png","3,8"
"digit_3,8_0_4770.png","3,8"
"digit_3,8_0_7347.png","3,8"
"digit_3,8_0_8054.png","3,8"
"digit_3,8_0_8171.png","3,8"
"digit_3,8_0_9059.png","3,8"
"digit_3,9.png","3,9"
"digit_3,9_0_220.png","3,9"
"digit_3,9_0_2321.png","3,9"
"digit_3,9_0_3153.png","3,9"
"digit_3,9_0_3580.png","3,9"
"digit_3,9_0_4207.png","3,9"
"digit_3,9_0_4674.png","3,9"
"digit_3,9_0_5643.png","3,9"
"digit_3,9_0_6250.png","3,9"
"digit_3,9_0_9873.png","3,9"
"digit_3,9_0_9963.png","3,9"
"digit_4,0.png","4,0"
"digit_4,0_0_165.png","4,0"
"digit_4,0_0_303.png","4,0"
"digit_4,0_0_387.png","4,0"
"digit_4,0_0_5420.png","4,0"
"digit_4,0_0_5689.png","4,0"
"digit_4,0_0_6782.png","4,0"
"digit_4,0_0_6906.png","4,0"
"digit_4,0_0_7356.png","4,0"
"digit_4,0_0_9507.png","4,0"
"digit_4,0_0_9595.png","4,0"
"digit_4,1.png","4,1"
"digit_4,1_0_290.png","4,1"
"digit_4,1_0_3572.png","4,1"
"digit_4,1_0_4622.png","4,1"
"digit_4,1_0_6278.png","4,1"
"digit_4,1_0_6509.png","4,1"
"digit_4,1_0_6887.png","4,1"
"digit_4,1_0_7806.png","4,1"
"digit_4,1_0_787.png","4,1"
"digit_4,1_0_8941.png","4,1"
"digit_4,1_0_924.png","4,1"
"digit_4,2.png","4,2"
"digit_4,2_0_1346.png","4,2"
"digit_4,2_0_3613.png","4,2"
"digit_4,2_0_4602.png","4,2"
"digit_4,2_0_5009.png","4,2"
"digit_4,2_0_5875.png","4,2"
"digit_4,2_0_6086.png","4,2"
"digit_4,2_0_7668.png","4,2"
"digit_4,2_0_7838.png","4,2"
"digit_4,2_0_8532.png","4,2"
"digit_4,2_0_9983.png","4,2"
"digit_4,3.png","4,3"
"digit_4,3_0_139.png","4,3"
"digit_4,3_0_165.png","4,3"
"digit_4,3_0_2346.png","4,3"
"digit_4,3_0_3485.png","4,3"
"digit_4,3_0_4795.png","4,3"
"digit_4,3_0_6474.png","4,3"
"digit_4,3_0_671.png","4,3"
"digit_4,3_0_7002.png","4,3"
"digit_4,3_0_7112.png","4,3"
"digit_4,3_0_9801.png","4,3"
"digit_4,4.png","4,4"
"digit_4,4_0_1054.png","4,4"
"digit_4,4_0_2841.png","4,4"
"digit_4,4_0_4182.png","4,4"
"digit_4,4_0_4982.png","4,4"
"digit_4,4_0_5128.png","4,4"
"digit_4,4_0_5525.png","4,4"
"digit_4,4_0_6835.png","4,4"
"digit_4,4_0_7924.png","4,4"
"digit_4,4_0_8021.png","4,4"
"digit_4,4_0_9959.png","4,4"
"digit_4,5.png","4,5"
"digit_4,5_0_116.png","4,5"
"digit_4,5_0_1683.png","4,5"
"digit_4,5_0_5198.png","4,5"
"digit_4,5_0_5862.png","4,5"
"digit_4,5_0_5926.png","4,5"
"digit_4,5_0_6027.png","4,5"
"digit_4,5_0_6264.png","4,5"
"digit_4,5_0_6443.png","4,5"
"digit_4,5_0_6488.png","4,5"
"digit_4,5_0_8135.png","4,5"
"digit_4,6.png","4,6"
"digit_4,6_0_1164.png","4,6"
"digit_4,6_0_1628.png","4,6"
"digit_4,6_0_1907.png","4,6"
"digit_4,6_0_247.png","4,6"
"digit_4,6_0_3656.png","4,6"
"digit_4,6_0_4908.png","4,6"
"digit_4,6_0_5886.png","4,6"
"digit_4,6_0_7817.png","4,6"
"digit_4,6_0_9843.png","4,6"
"digit_4,6_0_9889.png","4,6"
"digit_4,7.png","4,7"
"digit_4,7_0_1466.png","4,7"
"digit_4,7_0_4681.png","4,7"
"digit_4,7_0_5364.png","4,7"
"digit_4,7_0_5637.png","4,7"
"digit_4,7_0_5676.png","4,7"
"digit_4,7_0_6546.png","4,7"
"digit_4,7_0_6930.png","4,7"
"digit_4,7_0_7065.png","4,7"
"digit_4,7_0_8832.png","4,7"
"digit_4,7_0_945.png","4,7"
"digit_4,8.png","4,8"
"digit_4,8_0_1235.png","4,8"
"digit_4,8_0_194.png","4,8"
"digit_4,8_0_2795.png","4,8"
"digit_4,8_0_3031.png","4,8"
"digit_4,8_0_3384.png","4,8"
"digit_4,8_0_4417.png","4,8"
"digit_4,8_0_5171.png","4,8"
"digit_4,8_0_7553.png","4,8"
"digit_4,8_0_8001.png","4,8"
"digit_4,8_0_8582.png","4,8"
"digit_4,9.png","4,9"
"digit_4,9_0_1761.png","4,9"
"digit_4,9_0_1966.png","4,9"
"digit_4,9_0_2309.png","4,9"
"digit_4,9_0_2770.png","4,9"
"digit_4,9_0_3076.png","4,9"
"digit_4,9_0_4630.png","4,9"
"digit_4,9_0_7240.png","4,9"
"digit_4,9_0_7389.png","4,9"
"digit_4,9_0_8180.png","4,9"
"digit_4,9_0_8692.png","4,9"
"digit_5,0.png","5,0"
"digit_5,0_0_2377.png","5,0"
"digit_5,0_0_2396.png","5,0"
"digit_5,0_0_2814.png","5,0"
"digit_5,0_0_3275.png","5,0"
"digit_5,0_0_513.png","5,0"
"digit_5,0_0_5516.png","5,0"
"digit_5,0_0_6436.png","5,0"
"digit_5,0_0_8614.png","5,0"
"digit_5,0_0_8811.png","5,0"
"digit_5,0_0_977.png","5,0"
"digit_5,1.png","5,1"
"digit_5,1_0_1822.png","5,1"
"digit_5,1_0_2347.png","5,1"
"digit_5,1_0_2834.png","5,1"
"digit_5,1_0_3564.png","5,1"
"digit_5,1_0_4401.png","5,1"
"digit_5,1_0_4816.png","5,1"
"digit_5,1_0_5301.png","5,1"
"digit_5,1_0_6395.png","5,1"
"digit_5,1_0_746.png","5,1"
"digit_5,1_0_9770.png","5,1"
"digit_5,2.png","5,2"
"digit_5,2_0_1221.png","5,2"
"digit_5,2_0_1400.png","5,2"
"digit_5,2_0_1550.png","5,2"
"digit_5,2_0_1743.png","5,2"
"digit_5,2_0_4263.png","5,2"
"digit_5,2_0_6136.png","5,2"
"digit_5,2_0_6554.png","5,2"
"digit_5,2_0_7129.png","5,2"
"digit_5,2_0_7813.png","5,2"
"digit_5,2_0_9583.png","5,2"
"digit_5,3.png","5,3"
"digit_5,3_0_1122.png","5,3"
"digit_5,3_0_1431.png","5,3"
"digit_5,3_0_155.png","5,3"
"digit_5,3_0_4622.png","5,3"
"digit_5,3_0_4748.png","5,3"
"digit_5,3_0_493.png","5,3"
"digit_5,3_0_5123.png","5,3"
"digit_5,3_0_6708.png","5,3"
"digit_5,3_0_7669.png","5,3"
"digit_5,3_0_8799.png","5,3"
"digit_5,4.png","5,4"
"digit_5,4_0_2951.png","5,4"
"digit_5,4_0_3302.png","5,4"
"digit_5,4_0_4770.png","5,4"
"digit_5,4_0_4802.png","5,4"
"digit_5,4_0_5276.png","5,4"
"digit_5,4_0_6789.png","5,4"
"digit_5,4_0_8059.png","5,4"
"digit_5,4_0_8080.png","5,4"
"digit_5,4_0_9082.png","5,4"
"digit_5,4_0_9609.png","5,4"
"digit_5,5.png","5,5"
"digit_5,5_0_1240.png","5,5"
"digit_5,5_0_2692.png","5,5"
"digit_5,5_0_2983.png","5,5"
"digit_5,5_0_3693.png","5,5"
"digit_5,5_0_6645.png","5,5"
"digit_5,5_0_7108.png","5,5"
"digit_5,5_0_7812.png","5,5"
"digit_5,5_0_834.png","5,5"
"digit_5,5_0_8661.png","5,5"
"digit_5,5_0_9385.png","5,5"
"digit_5,6.png","5,6"
"digit_5,6_0_1037.png","5,6"
"digit_5,6_0_1280.png","5,6"
"digit_5,6_0_3537.png","5,6"
"digit_5,6_0_4342.png","5,6"
"digit_5,6_0_4726.png","5,6"
"digit_5,6_0_4866.png","5,6"
"digit_5,6_0_5500.png","5,6"
"digit_5,6_0_5637.png","5,6"
"digit_5,6_0_7418.png","5,6"
"digit_5,6_0_8121.png","5,6"
"digit_5,7.png","5,7"
"digit_5,7_0_1374.png","5,7"
"digit_5,7_0_1465.png","5,7"
"digit_5,7_0_1873.png","5,7"
"digit_5,7_0_2572.png","5,7"
"digit_5,7_0_2886.png","5,7"
"digit_5,7_0_3348.png","5,7"
"digit_5,7_0_4242.png","5,7"
"digit_5,7_0_5193.png","5,7"
"digit_5,7_0_7910.png","5,7"
"digit_5,7_0_86.png","5,7"
"digit_5,8.png","5,8"
"digit_5,8_0_2750.png","5,8"
"digit_5,8_0_4001.png","5,8"
"digit_5,8_0_4809.png","5,8"
"digit_5,8_0_5386.png","5,8"
"digit_5,8_0_5623.png","5,8"
"digit_5,8_0_5645.png","5,8"
"digit_5,8_0_6648.png","5,8"
"digit_5,8_0_6685.png","5,8"
"digit_5,8_0_83.png","5,8"
"digit_5,8_0_9426.png","5,8"
"digit_5,9.png","5,9"
"digit_5,9_0_2548.png","5,9"
"digit_5,9_0_3046.png","5,9"
"digit_5,9_0_4658.png","5,9"
"digit_5,9_0_5126.png","5,9"
"digit_5,9_0_5949.png","5,9"
"digit_5,9_0_6033.png","5,9"
"digit_5,9_0_7519.png","5,9"
"digit_5,9_0_7908.png","5,9"
"digit_5,9_0_8997.png","5,9"
"digit_5,9_0_9795.png","5,9"
"digit_6,0.png","6,0"
"digit_6,0_0_2363.png","6,0"
"digit_6,0_0_3200.png","6,0"
"digit_6,0_0_3640.png","6,0"
"digit_6,0_0_3978.png","6,0"
"digit_6,0_0_4639.png","6,0"
"digit_6,0_0_4972.png","6,0"
"digit_6,0_0_7545.png","6,0"
"digit_6,0_0_8090.png","6,0"
"digit_6,0_0_8885.png","6,0"
"digit_6,0_0_904.png","6,0"
"digit_6,1.png","6,1"
"digit_6,1_0_1546.png","6,1"
"digit_6,1_0_2430.png","6,1"
"digit_6,1_0_4151.png","6,1"
"digit_6,1_0_5318.png","6,1"
"digit_6,1_0_580.png","6,1"
"digit_6,1_0_6064.png","6,1"
"digit_6,1_0_6147.png","6,1"
"digit_6,1_0_6668.png","6,1"
"digit_6,1_0_8032.png","6,1"
"digit_6,1_0_8176.png","6,1"
"digit_6,2.png","6,2"
"digit_6,2_0_1215.png","6,2"
"digit_6,2_0_2127.png","6,2"
"digit_6,2_0_2831.png","6,2"
"digit_6,2_0_3766.png","6,2"
"digit_6,2_0_6085.png","6,2"
"digit_6,2_0_6587.png","6,2"
"digit_6,2_0_6618.png","6,2"
"digit_6,2_0_7443.png","6,2"
"digit_6,2_0_9784.png","6,2"
"digit_6,2_0_9871.png","6,2"
"digit_6,3.png","6,3"
"digit_6,3_0_1849.png","6,3"
"digit_6,3_0_2.png","6,3"
"digit_6,3_0_2898.png","6,3"
"digit_6,3_0_2983.png","6,3"
"digit_6,3_0_3182.png","6,3"
"digit_6,3_0_4100.png","6,3"
"digit_6,3_0_6819.png","6,3"
"digit_6,3_0_7678.png","6,3"
"digit_6,3_0_8461.png","6,3"
"digit_6,3_0_9633.png","6,3"
"digit_6,4.png","6,4"
"digit_6,4_0_3004.png","6,4"
"digit_6,4_0_4446.png","6,4"
"digit_6,4_0_49.png","6,4"
"digit_6,4_0_5434.png","6,4"
"digit_6,4_0_6023.png","6,4"
"digit_6,4_0_7366.png","6,4"
"digit_6,4_0_7368.png","6,4"
"digit_6,4_0_8524.png","6,4"
"digit_6,4_0_9813.png","6,4"
"digit_6,4_0_9932.png","6,4"
"digit_6,5.png","6,5"
"digit_6,5_0_1328.png","6,5"
"digit_6,5_0_133.png","6,5"
"digit_6,5_0_4508.png","6,5"
"digit_6,5_0_620.png","6,5"
"digit_6,5_0_675.png","6,5"
"digit_6,5_0_764.png","6,5"
"digit_6,5_0_8490.png","6,5"
"digit_6,5_0_8728.png","6,5"
"digit_6,5_0_8855.png","6,5"
"digit_6,5_0_9249.png","6,5"
"digit_6,6.png","6,6"
"digit_6,6_0_113.png","6,6"
"digit_6,6_0_2968.png","6,6"
"digit_6,6_0_3809.png","6,6"
"digit_6,6_0_4348.png","6,6"
"digit_6,6_0_440.png","6,6"
"digit_6,6_0_5698.png","6,6"
"digit_6,6_0_7319.png","6,6"
"digit_6,6_0_8588.png","6,6"
"digit_6,6_0_9354.png","6,6"
"digit_6,6_0_9729.png","6,6"
"digit_6,7.png","6,7"
"digit_6,7_0_2150.png","6,7"
"digit_6,7_0_2898.png","6,7"
"digit_6,7_0_3991.png","6,7"
"digit_6,7_0_5494.png","6,7"
"digit_6,7_0_5779.png","6,7"
"digit_6,7_0_6792.png","6,7"
"digit_6,7_0_6907.png","6,7"
"digit_6,7_0_7651.png","6,7"
"digit_6,7_0_7790.png","6,7"
"digit_6,7_0_9428.png","6,7"
"digit_6,8.png","6,8"
"digit_6,8_0_1634.png","6,8"
"digit_6,8_0_3084.png","6,8"
"digit_6,8_0_3413.png","6,8"
"digit_6,8_0_4098.png","6,8"
"digit_6,8_0_6159.png","6,8"
"digit_6,8_0_7907.png","6,8"
"digit_6,8_0_830.png","6,8"
"digit_6,8_0_9185.png","6,8"
"digit_6,8_0_9186.png","6,8"
"digit_6,8_0_9798.png","6,8"
"digit_6,9.png","6,9"
"digit_6,9_0_1446.png","6,9"
"digit_6,9_0_1845.png","6,9"
"digit_6,9_0_4549.png","6,9"
"digit_6,9_0_4967.png","6,9"
"digit_6,9_0_5933.png","6,9"
"digit_6,9_0_5947.png","6,9"
"digit_6,9_0_7096.png","6,9"
"digit_6,9_0_8084.png","6,9"
"digit_6,9_0_8715.png","6,9"
"digit_6,9_0_9669.png","6,9"
"digit_7,0.png","7,0"
"digit_7,0_0_2586.png","7,0"
"digit_7,0_0_2766.png","7,0"
"digit_7,0_0_3270.png","7,0"
"digit_7,0_0_3632.png","7,0"
"digit_7,0_0_4964.png","7,0"
"digit_7,0_0_5352.png","7,0"
"digit_7,0_0_7066.png","7,0"
"digit_7,0_0_7373.png","7,0"
"digit_7,0_0_7488.png","7,0"
"digit_7,0_0_8078.png","7,0"
"digit_7,1.png","7,1"
"digit_7,1_0_1553.png","7,1"
"digit_7,1_0_2228.png","7,1"
"digit_7,1_0_3027.png","7,1"
"digit_7,1_0_3369.png","7,1"
"digit_7,1_0_6131.png","7,1"
"digit_7,1_0_715.png","7,1"
"digit_7,1_0_7356.png","7,1"
"digit_7,1_0_7394.png","7,1"
"digit_7,1_0_7402.png","7,1"
"digit_7,1_0_887.png","7,1"
"digit_7,2.png","7,2"
"digit_7,2_0_3485.png","7,2"
"digit_7,2_0_5495.png","7,2"
"digit_7,2_0_6002.png","7,2"
"digit_7,2_0_603.png","7,2"
"digit_7,2_0_6144.png","7,2"
"digit_7,2_0_7451.png","7,2"
"digit_7,2_0_8773.png","7,2"
"digit_7,2_0_9162.png","7,2"
"digit_7,2_0_9385.png","7,2"
"digit_7,2_0_9987.png","7,2"
"digit_7,3.png","7,3"
"digit_7,3_0_1193.png","7,3"
"digit_7,3_0_1949.png","7,3"
"digit_7,3_0_3030.png","7,3"
"digit_7,3_0_3608.png","7,3"
"digit_7,3_0_567.png","7,3"
"digit_7,3_0_588.png","7,3"
"digit_7,3_0_8428.png","7,3"
"digit_7,3_0_9166.png","7,3"
"digit_7,3_0_9285.png","7,3"
"digit_7,3_0_9746.png","7,3"
"digit_7,4.png","7,4"
"digit_7,4_0_2155.png","7,4"
"digit_7,4_0_2858.png","7,4"
"digit_7,4_0_3053.png","7,4"
"digit_7,4_0_4985.png","7,4"
"digit_7,4_0_5033.png","7,4"
"digit_7,4_0_5105.png","7,4"
"digit_7,4_0_5226.png","7,4"
"digit_7,4_0_5484.png","7,4"
"digit_7,4_0_7990.png","7,4"
"digit_7,4_0_8974.png","7,4"
"digit_7,5.png","7,5"
"digit_7,5_0_3678.png","7,5"
"digit_7,5_0_3682.png","7,5"
"digit_7,5_0_3766.png","7,5"
"digit_7,5_0_5246.png","7,5"
"digit_7,5_0_5910.png","7,5"
"digit_7,5_0_7504.png","7,5"
"digit_7,5_0_9019.png","7,5"
"digit_7,5_0_9279.png","7,5"
"digit_7,5_0_9435.png","7,5"
"digit_7,5_0_9522.png","7,5"
"digit_7,6.png","7,6"
"digit_7,6_0_1575.png","7,6"
"digit_7,6_0_1886.png","7,6"
"digit_7,6_0_2110.png","7,6"
"digit_7,6_0_352.png","7,6"
"digit_7,6_0_4224.png","7,6"
"digit_7,6_0_4616.png","7,6"
"digit_7,6_0_5550.png","7,6"
"digit_7,6_0_588.png","7,6"
"digit_7,6_0_6341.png","7,6"
"digit_7,6_0_7075.png","7,6"
"digit_7,7.png","7,7"
"digit_7,7_0_1677.png","7,7"
"digit_7,7_0_3854.png","7,7"
"digit_7,7_0_3916.png","7,7"
"digit_7,7_0_3936.png","7,7"
"digit_7,7_0_4737.png","7,7"
"digit_7,7_0_5385.png","7,7"
"digit_7,7_0_5461.png","7,7"
"digit_7,7_0_5558.png","7,7"
"digit_7,7_0_7121.png","7,7"
"digit_7,7_0_8821.png","7,7"
"digit_7,8.png","7,8"
"digit_7,8_0_1359.png","7,8"
"digit_7,8_0_1971.png","7,8"
"digit_7,8_0_3068.png","7,8"
"digit_7,8_0_3648.png","7,8"
"digit_7,8_0_3800.png","7,8"
"digit_7,8_0_3947.png","7,8"
"digit_7,8_0_5119.png","7,8"
"digit_7,8_0_634.png","7,8"
"digit_7,8_0_9040.png","7,8"
"digit_7,8_0_910.png","7,8"
"digit_7,9.png","7,9"
"digit_7,9_0_2739.png","7,9"
"digit_7,9_0_2748.png","7,9"
"digit_7,9_0_2919.png","7,9"
"digit_7,9_0_2973.png","7,9"
"digit_7,9_0_3733.png","7,9"
"digit_7,9_0_418.png","7,9"
"digit_7,9_0_5376.png","7,9"
"digit_7,9_0_6336.png","7,9"
"digit_7,9_0_6451.png","7,9"
"digit_7,9_0_9357.png","7,9"
"digit_8,0.png","8,0"
"digit_8,0_0_2701.png","8,0"
"digit_8,0_0_4110.png","8,0"
"digit_8,0_0_4386.png","8,0"
"digit_8,0_0_5675.png","8,0"
"digit_8,0_0_5790.png","8,0"
"digit_8,0_0_7001.png","8,0"
"digit_8,0_0_7004.png","8,0"
"digit_8,0_0_7126.png","8,0"
"digit_8,0_0_8368.png","8,0"
"digit_8,0_0_8921.png","8,0"
"digit_8,1.png","8,1"
"digit_8,1_0_1623.png","8,1"
"digit_8,1_0_199.png","8,1"
"digit_8,1_0_243.png","8,1"
"digit_8,1_0_3067.png","8,1"
"digit_8,1_0_3891.png","8,1"
"digit_8,1_0_4237.png","8,1"
"digit_8,1_0_4309.png","8,1"
"digit_8,1_0_7711.png","8,1"
"digit_8,1_0_787.png","8,1"
"digit_8,1_0_8896.png","8,1"
"digit_8,2.png","8,2"
"digit_8,2_0_1039.png","8,2"
"digit_8,2_0_1052.png","8,2"
"digit_8,2_0_248.png","8,2"
"digit_8,2_0_315.png","8,2"
"digit_8,2_0_3426.png","8,2"
"digit_8,2_0_3767.png","8,2"
"digit_8,2_0_7073.png","8,2"
"digit_8,2_0_7735.png","8,2"
"digit_8,2_0_7754.png","8,2"
"digit_8,2_0_9261.png","8,2"
"digit_8,3.png","8,3"
"digit_8,3_0_2399.png","8,3"
"digit_8,3_0_3665.png","8,3"
"digit_8,3_0_3706.png","8,3"
"digit_8,3_0_371.png","8,3"
"digit_8,3_0_4817.png","8,3"
"digit_8,3_0_6007.png","8,3"
"digit_8,3_0_6457.png","8,3"
"digit_8,3_0_8531.png","8,3"
"digit_8,3_0_8689.png","8,3"
"digit_8,3_0_9479.png","8,3"
"digit_8,4.png","8,4"
"digit_8,4_0_1121.png","8,4"
"digit_8,4_0_1919.png","8,4"
"digit_8,4_0_1981.png","8,4"
"digit_8,4_0_3076.png","8,4"
"digit_8,4_0_4986.png","8,4"
"digit_8,4_0_5441.png","8,4"
"digit_8,4_0_5579.png","8,4"
"digit_8,4_0_6491.png","8,4"
"digit_8,4_0_84.png","8,4"
"digit_8,4_0_90.png","8,4"
"digit_8,5.png","8,5"
"digit_8,5_0_2117.png","8,5"
"digit_8,5_0_3580.png","8,5"
"digit_8,5_0_4134.png","8,5"
"digit_8,5_0_5060.png","8,5"
"digit_8,5_0_5245.png","8,5"
"digit_8,5_0_5279.png","8,5"
"digit_8,5_0_7471.png","8,5"
"digit_8,5_0_757.png","8,5"
"digit_8,5_0_9702.png","8,5"
"digit_8,5_0_9913.png","8,5"
"digit_8,6.png","8,6"
"digit_8,6_0_1477.png","8,6"
"digit_8,6_0_1815.png","8,6"
"digit_8,6_0_3185.png","8,6"
"digit_8,6_0_4208.png","8,6"
"digit_8,6_0_4361.png","8,6"
"digit_8,6_0_4663.png","8,6"
"digit_8,6_0_6122.png","8,6"
"digit_8,6_0_7110.png","8,6"
"digit_8,6_0_7285.png","8,6"
"digit_8,6_0_8866.png","8,6"
"digit_8,7.png","8,7"
"digit_8,7_0_1661.png","8,7"
"digit_8,7_0_3192.png","8,7"
"digit_8,7_0_3881.png","8,7"
"digit_8,7_0_4327.png","8,7"
"digit_8,7_0_4337.png","8,7"
"digit_8,7_0_4521.png","8,7"
"digit_8,7_0_5072.png","8,7"
"digit_8,7_0_6500.png","8,7"
"digit_8,7_0_8835.png","8,7"
"digit_8,7_0_9804.png","8,7"
"digit_8,8.png","8,8"
"digit_8,8_0_1345.png","8,8"
"digit_8,8_0_1890.png","8,8"
"digit_8,8_0_2024.png","8,8"
"digit_8,8_0_2422.png","8,8"
"digit_8,8_0_2617.png","8,8"
"digit_8,8_0_3301.png","8,8"
"digit_8,8_0_4305.png","8,8"
"digit_8,8_0_5449.png","8,8"
"digit_8,8_0_6164.png","8,8"
"digit_8,8_0_8682.png","8,8"
"digit_8,9.png","8,9"
"digit_8,9_0_1628.png","8,9"
"digit_8,9_0_1649.png","8,9"
"digit_8,9_0_216.png","8,9"
"digit_8,9_0_3348.png","8,9"
"digit_8,9_0_4408.png","8,9"
"digit_8,9_0_6752.png","8,9"
"digit_8,9_0_7587.png","8,9"
"digit_8,9_0_7817.png","8,9"
"digit_8,9_0_7908.png","8,9"
"digit_8,9_0_8214.png","8,9"
"digit_9,0.png","9,0"
"digit_9,0_0_2893.png","9,0"
"digit_9,0_0_3395.png","9,0"
"digit_9,0_0_3435.png","9,0"
"digit_9,0_0_4210.png","9,0"
"digit_9,0_0_5146.png","9,0"
"digit_9,0_0_5242.png","9,0"
"digit_9,0_0_6226.png","9,0"
"digit_9,0_0_6904.png","9,0"
"digit_9,0_0_824.png","9,0"
"digit_9,0_0_9270.png","9,0"
"digit_9,1.png","9,1"
"digit_9,1_0_202.png","9,1"
"digit_9,1_0_2285.png","9,1"
"digit_9,1_0_3140.png","9,1"
"digit_9,1_0_3794.png","9,1"
"digit_9,1_0_55.png","9,1"
"digit_9,1_0_550.png","9,1"
"digit_9,1_0_6173.png","9,1"
"digit_9,1_0_7119.png","9,1"
"digit_9,1_0_7767.png","9,1"
"digit_9,1_0_903.png","9,1"
"digit_9,2.png","9,2"
"digit_9,2_0_2125.png","9,2"
"digit_9,2_0_4047.png","9,2"
"digit_9,2_0_4768.png","9,2"
"digit_9,2_0_4966.png","9,2"
"digit_9,2_0_57.png","9,2"
"digit_9,2_0_603.png","9,2"
"digit_9,2_0_7245.png","9,2"
"digit_9,2_0_8985.png","9,2"
"digit_9,2_0_9559.png","9,2"
"digit_9,2_0_9945.png","9,2"
"digit_9,3.png","9,3"
"digit_9,3_0_3569.png","9,3"
"digit_9,3_0_3997.png","9,3"
"digit_9,3_0_4082.png","9,3"
"digit_9,3_0_4654.png","9,3"
"digit_9,3_0_5988.png","9,3"
"digit_9,3_0_6402.png","9,3"
"digit_9,3_0_6844.png","9,3"
"digit_9,3_0_6848.png","9,3"
"digit_9,3_0_8482.png","9,3"
"digit_9,3_0_9625.png","9,3"
"digit_9,4.png","9,4"
"digit_9,4_0_1105.png","9,4"
"digit_9,4_0_1709.png","9,4"
"digit_9,4_0_2117.png","9,4"
"digit_9,4_0_2973.png","9,4"
"digit_9,4_0_3866.png","9,4"
"digit_9,4_0_4186.png","9,4"
"digit_9,4_0_4383.png","9,4"
"digit_9,4_0_45.png","9,4"
"digit_9,4_0_6733.png","9,4"
"digit_9,4_0_6905.png","9,4"
"digit_9,5.png","9,5"
"digit_9,5_0_1228.png","9,5"
"digit_9,5_0_1307.png","9,5"
"digit_9,5_0_1502.png","9,5"
"digit_9,5_0_1885.png","9,5"
"digit_9,5_0_2468.png","9,5"
"digit_9,5_0_2805.png","9,5"
"digit_9,5_0_7963.png","9,5"
"digit_9,5_0_8205.png","9,5"
"digit_9,5_0_8282.png","9,5"
"digit_9,5_0_8728.png","9,5"
"digit_9,6.png","9,6"
"digit_9,6_0_1964.png","9,6"
"digit_9,6_0_2415.png","9,6"
"digit_9,6_0_3407.png","9,6"
"digit_9,6_0_3542.png","9,6"
"digit_9,6_0_406.png","9,6"
"digit_9,6_0_4296.png","9,6"
"digit_9,6_0_5404.png","9,6"
"digit_9,6_0_7150.png","9,6"
"digit_9,6_0_8153.png","9,6"
"digit_9,6_0_9050.png","9,6"
"digit_9,7.png","9,7"
"digit_9,7_0_1724.png","9,7"
"digit_9,7_0_2188.png","9,7"
"digit_9,7_0_2808.png","9,7"
"digit_9,7_0_4593.png","9,7"
"digit_9,7_0_5744.png","9,7"
"digit_9,7_0_7585.png","9,7"
"digit_9,7_0_7634.png","9,7"
"digit_9,7_0_8378.png","9,7"
"digit_9,7_0_9190.png","9,7"
"digit_9,7_0_9684.png","9,7"
"digit_9,8.png","9,8"
"digit_9,8_0_2672.png","9,8"
"digit_9,8_0_3253.png","9,8"
"digit_9,8_0_34.png","9,8"
"digit_9,8_0_3773.png","9,8"
"digit_9,8_0_4366.png","9,8"
"digit_9,8_0_6697.png","9,8"
"digit_9,8_0_7683.png","9,8"
"digit_9,8_0_9251.png","9,8"
"digit_9,8_0_9260.png","9,8"
"digit_9,8_0_9686.png","9,8"
"digit_9,9.png","9,9"
"digit_9,9_0_1044.png","9,9"
"digit_9,9_0_5250.png","9,9"
"digit_9,9_0_5525.png","9,9"
"digit_9,9_0_6461.png","9,9"
"digit_9,9_0_7241.png","9,9"
"digit_9,9_0_7538.png","9,9"
"digit_9,9_0_8223.png","9,9"
"digit_9,9_0_8629.png","9,9"
"digit_9,9_0_9309.png","9,9"
"digit_9,9_0_9633.png","9,9"
